{"jpsi": {"threshold": 0.3865714468600219, "tpr": 0.9962124100765144, "fpr": 0.027757714143697043}, "jpsi_mu_k_swap": {"threshold": 0.05942138528528518, "tpr": 0.9673366834170855, "fpr": 0.0017919955200112}, "jpsi_mu_pi_swap": {"threshold": 0.03163132310146466, "tpr": 0.9161290322580645, "fpr": 0.0008462781247595801}, "k_pi_swap": {"threshold": 0.5421699645968983, "tpr": 0.9396826587643947, "fpr": 0.002940791045811589}, "phimumu": {"threshold": 0.5255027040839195, "tpr": 0.9813378220140515, "fpr": 0.0008919100455498094}, "pKmumu_piTop": {"threshold": 0.3108300743624568, "tpr": 0.6991150442477876, "fpr": 6.296193950756767e-05}, "pKmumu_piTok_kTop": {"threshold": 0.2598564547370188, "tpr": 0.7379310344827587, "fpr": 6.64747063742246e-05}, "psi2S": {"threshold": 0.6667556348511425, "tpr": 0.9906118842500552, "fpr": 0.005350204284165076}, "combinatorial_only_removal": {"threshold": 0.5558501281262807, "tpr": 0.9873193055654159, "fpr": 0.185310657903652}, "signal": {"threshold": 0.8156934678645835, "tpr": 0.8758137989012493, "fpr": 0.005898775982703734}}