{"combinatorial_only_removal": 0.5558412813064404, "jpsi": 0.3866356393919199, "jpsi_mu_k_swap": 0.059392266097343605, "jpsi_mu_pi_swap": 0.031926293077731316, "k_pi_swap": 0.5420022085309029, "phimumu": 0.5255628230374896, "pKmumu_piTop": 0.4323621988296509, "pKmumu_piTok_kTop": 0.2498468917910941, "psi2S": 0.66670894596807}